INSERT INTO accomplishment (accomplishment_id, accomplishment_name, accomplishment_description, accomplishment_from, accomplishment_to, accomplishment_created, accomplishment_updated) VALUES (1, 'QA', 'Openovate', '2018-02-04', '2018-02-04', '2018-02-28 08:11:29', '2018-02-28 08:11:29');

INSERT INTO accomplishment (accomplishment_id, accomplishment_name, accomplishment_description, accomplishment_from, accomplishment_to, accomplishment_created, accomplishment_updated) VALUES (2, 'QA', 'Openovate', '2018-02-04', '2018-02-04', '2018-02-28 08:11:29', '2018-02-28 08:11:29');

INSERT INTO accomplishment (accomplishment_id, accomplishment_name, accomplishment_description, accomplishment_from, accomplishment_to, accomplishment_created, accomplishment_updated) VALUES (3, 'QA', 'Openovate', '2018-02-04', '2018-02-04', '2018-02-28 08:11:29', '2018-02-28 08:11:29');

INSERT INTO accomplishment_information (accomplishment_id, information_id) VALUES (1, 1), 
(2, 2), 
(3, 3);

INSERT INTO education (education_id, education_school, education_degree, education_activity, education_from, education_to, education_created, education_updated) VALUES (1, 'QA', 'Openovate', 'IT', '2018-02-04', '2018-02-04', '2018-02-28 08:11:29', '2018-02-28 08:11:29');

INSERT INTO education (education_id, education_school, education_degree, education_activity, education_from, education_to, education_created, education_updated) VALUES (2, 'QA', 'Openovate', 'IT', '2018-02-04', '2018-02-04', '2018-02-28 08:11:29', '2018-02-28 08:11:29');

INSERT INTO education (education_id, education_school, education_degree, education_activity, education_from, education_to, education_created, education_updated) VALUES (3, 'QA', 'Openovate', 'IT', '2018-02-04', '2018-02-04', '2018-02-28 08:11:29', '2018-02-28 08:11:29');

INSERT INTO education_information (education_id, information_id) VALUES (1, 1), 
(2, 2), 
(3, 3);

INSERT INTO experience (experience_id, experience_title, experience_company, experience_industry, experience_related, experience_from, experience_to, experience_created, experience_updated) VALUES (1, 'QA', 'Openovate', 'IT', 'yes', '2018-02-04', '2018-02-04', '2018-02-28 08:11:29', '2018-02-28 08:11:29');

INSERT INTO experience (experience_id, experience_title, experience_company, experience_industry, experience_related, experience_from, experience_to, experience_created, experience_updated) VALUES (2, 'QA', 'Openovate', 'IT', 'yes', '2018-02-04', '2018-02-04', '2018-02-28 08:11:29', '2018-02-28 08:11:29');

INSERT INTO experience (experience_id, experience_title, experience_company, experience_industry, experience_related, experience_from, experience_to, experience_created, experience_updated) VALUES (3, 'QA', 'Openovate', 'IT', 'yes', '2018-02-04', '2018-02-04', '2018-02-28 08:11:29', '2018-02-28 08:11:29');

INSERT INTO experience_information (experience_id, information_id) VALUES (1, 1), 
(2, 2), 
(3, 3);

INSERT INTO information (information_id, information_heading, information_civil_status, information_skills, information_created, information_updated) VALUES (1, 'Professional Programmer', 'Single', '[\"Basketball\"]', '2018-02-28 08:11:29', '2018-02-28 08:11:29');

INSERT INTO information (information_id, information_heading, information_civil_status, information_skills, information_created, information_updated) VALUES (2, 'Professional Programmer', 'Single', '[\"Basketball\"]', '2018-02-28 08:11:29', '2018-02-28 08:11:29');

INSERT INTO information (information_id, information_heading, information_civil_status, information_skills, information_created, information_updated) VALUES (3, 'Professional Programmer', 'Single', '[\"Basketball\"]', '2018-02-28 08:11:29', '2018-02-28 08:11:29');

INSERT INTO information_profile (information_id, profile_id) VALUES (1, 1), 
(2, 2), 
(3, 3);